name,company_number,incorporated_on,status,address,keyword,reason,date_found
EDWARDS WEBWORKS & MARKETING LTD,17405830,2026-08-18,active,"27 Old Gloucester Street, London, WC1N 3AX, United Kingdom",marketing,"Newly incorporated company (within the last 14 days) matching keyword 'marketing' - likely needs a website, branding, or marketing help.",2026-08-26
WILSON! MARKETING LTD,17406913,2026-08-18,active,"112 Spendmore Lane, Coppull, Chorley, PR7 5BX, England",marketing,"Newly incorporated company (within the last 14 days) matching keyword 'marketing' - likely needs a website, branding, or marketing help.",2026-08-26
MFM MARKETING LTD,17403645,2026-08-17,active,"2 Copenhagen Street, The Kiln, Worcester, WR1 2HB, England",marketing,"Newly incorporated company (within the last 14 days) matching keyword 'marketing' - likely needs a website, branding, or marketing help.",2026-08-26
METTLE MARKETING LTD,17403767,2026-08-17,active,"167-169 Great Portland Street, London, W1W 5PF, England",marketing,"Newly incorporated company (within the last 14 days) matching keyword 'marketing' - likely needs a website, branding, or marketing help.",2026-08-26
BH MARKETING LTD,17406265,2026-08-18,active,"113 Romford Road, London, E15 4LY, United Kingdom",marketing,"Newly incorporated company (within the last 14 days) matching keyword 'marketing' - likely needs a website, branding, or marketing help.",2026-08-26
KLIPSPOT MARKETING LIMITED,17395590,2026-08-12,active,"Office 10258 321-323 High Road, Chadwell Heath, Essex, RM6 6AX, United Kingdom",marketing,"Newly incorporated company (within the last 14 days) matching keyword 'marketing' - likely needs a website, branding, or marketing help.",2026-08-26
BOOSTLABX MARKETING LTD,17399173,2026-08-13,active,"49 Jamaica Street, Liverpool, L1 0AH, England",marketing,"Newly incorporated company (within the last 14 days) matching keyword 'marketing' - likely needs a website, branding, or marketing help.",2026-08-26
IMPACT MARKETING HOLDINGS LTD,17401799,2026-08-14,active,"14 Park Row, Nottingham, NG1 6GR, England",marketing,"Newly incorporated company (within the last 14 days) matching keyword 'marketing' - likely needs a website, branding, or marketing help.",2026-08-26
NOVENTRA2026 MARKETING LTD,17395372,2026-08-12,active,"Office 1601 85 Dunstall Hill, Wolverhampton, WV60SR, United Kingdom",marketing,"Newly incorporated company (within the last 14 days) matching keyword 'marketing' - likely needs a website, branding, or marketing help.",2026-08-26
3T MARKETING LTD,17401124,2026-08-14,active,"Swallow House, Parsons Road, Washington, NE37 1EZ, United Kingdom",marketing,"Newly incorporated company (within the last 14 days) matching keyword 'marketing' - likely needs a website, branding, or marketing help.",2026-08-26
DSH MARKETING LIMITED,17408458,2026-08-19,active,"2 Beer Road, Seaton, EX12 2PA, England",marketing,"Newly incorporated company (within the last 14 days) matching keyword 'marketing' - likely needs a website, branding, or marketing help.",2026-08-26
DRC MARKETING LTD,17411245,2026-08-20,active,"39a High Street, Billericay, CM12 9BA, United Kingdom",marketing,"Newly incorporated company (within the last 14 days) matching keyword 'marketing' - likely needs a website, branding, or marketing help.",2026-08-26
SANASCENDANT MARKETING GROUP LTD,17411222,2026-08-20,active,"65 Delamere Road, Hayes, UB4 0NN, England",marketing,"Newly incorporated company (within the last 14 days) matching keyword 'marketing' - likely needs a website, branding, or marketing help.",2026-08-26
SANDWICH MARKETING LTD,17414781,2026-08-21,active,"124 Knowsley Road, Norwich, NR3 4PU, England",marketing,"Newly incorporated company (within the last 14 days) matching keyword 'marketing' - likely needs a website, branding, or marketing help.",2026-08-26
BRISBANE MARKETING & PROPERTY MANAGEMENT LTD,SC899868,2026-08-20,active,"19 Sinclair Drive, Largs, KA30 9BL, Scotland",marketing,"Newly incorporated company (within the last 14 days) matching keyword 'marketing' - likely needs a website, branding, or marketing help.",2026-08-26
EFFICIENSEE MARKETING LTD,17412049,2026-08-20,active,"66 Paul Street, London, England, EC2A 4NA, United Kingdom",marketing,"Newly incorporated company (within the last 14 days) matching keyword 'marketing' - likely needs a website, branding, or marketing help.",2026-08-26
FORMORA MARKETING LTD,17412780,2026-08-21,active,"Office 1655 85 Dunstall Hill, Wolverhampton, WV60SR, United Kingdom",marketing,"Newly incorporated company (within the last 14 days) matching keyword 'marketing' - likely needs a website, branding, or marketing help.",2026-08-26
JENUINE MARKETING SOLUTIONS LTD,17402827,2026-08-17,active,"7 Heol Dirion, Coedpoeth, Wrexham, LL11 3HL, Wales",marketing,"Newly incorporated company (within the last 14 days) matching keyword 'marketing' - likely needs a website, branding, or marketing help.",2026-08-26
8M-MARKETING LLP,OC461405,2026-08-17,active,"32 Kinburn Street, London, Southwark, SE16 6DW, England",marketing,"Newly incorporated company (within the last 14 days) matching keyword 'marketing' - likely needs a website, branding, or marketing help.",2026-08-26
GEM MARKETING GROUP LIMITED,17409885,2026-08-19,active,"124-128 City Road, London, EC1V 2NX, England",marketing,"Newly incorporated company (within the last 14 days) matching keyword 'marketing' - likely needs a website, branding, or marketing help.",2026-08-26
A & K MARKETING LTD,17412529,2026-08-20,active,"35, Flat 16 Nelson Walk, London, E3 3FS, United Kingdom",marketing,"Newly incorporated company (within the last 14 days) matching keyword 'marketing' - likely needs a website, branding, or marketing help.",2026-08-26
STILTS MARKETING LTD,17412912,2026-08-21,active,"1 Chislett Close, Sellindge, Ashford, TN25 6HW, England",marketing,"Newly incorporated company (within the last 14 days) matching keyword 'marketing' - likely needs a website, branding, or marketing help.",2026-08-26
ACM MARKETING & MANAGEMENT SERVICES LTD,17409502,2026-08-19,active,"1 Giltspur Street, Farringdon, London, EC1A 9DD, United Kingdom",marketing,"Newly incorporated company (within the last 14 days) matching keyword 'marketing' - likely needs a website, branding, or marketing help.",2026-08-26
KARAMELMINI MARKETING STUDIO LTD,17411452,2026-08-20,active,"2 St Johns Close, Didcot, OX11 8DF, United Kingdom",marketing,"Newly incorporated company (within the last 14 days) matching keyword 'marketing' - likely needs a website, branding, or marketing help.",2026-08-26
TCT MARKETING LTD,17412659,2026-08-20,active,"Albion Mills, Albion Road, Bradford, BD10 9TQ, United Kingdom",marketing,"Newly incorporated company (within the last 14 days) matching keyword 'marketing' - likely needs a website, branding, or marketing help.",2026-08-26
MALWOD DIGITAL MARKETING LTD,17395952,2026-08-12,active,"113 Wentloog Road, Caerdydd, CF3 3HE, United Kingdom",marketing,"Newly incorporated company (within the last 14 days) matching keyword 'marketing' - likely needs a website, branding, or marketing help.",2026-08-26
YERYTRIPERT MARKETING LTD,17399625,2026-08-13,active,"Office 1620 85 Dunstall Hill, Wolverhampton, WV60SR, United Kingdom",marketing,"Newly incorporated company (within the last 14 days) matching keyword 'marketing' - likely needs a website, branding, or marketing help.",2026-08-26
HELPFUL MARKETING LTD,17408274,2026-08-19,active,"71-75 Shelton Street, Covent Garden, London, WC2H 9JQ, United Kingdom",marketing,"Newly incorporated company (within the last 14 days) matching keyword 'marketing' - likely needs a website, branding, or marketing help.",2026-08-26
TOPH MARKETING LIMITED,17408472,2026-08-19,active,"128 City Road, London, EC1V 2NX, United Kingdom",marketing,"Newly incorporated company (within the last 14 days) matching keyword 'marketing' - likely needs a website, branding, or marketing help.",2026-08-26
CIRCUS MARKETING LTD,17396504,2026-08-12,active,"91 High Avenue, Letchworth Garden City, SG6 3QW, United Kingdom",marketing,"Newly incorporated company (within the last 14 days) matching keyword 'marketing' - likely needs a website, branding, or marketing help.",2026-08-26
SMC MARKETING GROUP LTD,17397591,2026-08-12,active,"Office 2 191 Stafford Road, Wallington, Surrey, SM6 9BT, United Kingdom",marketing,"Newly incorporated company (within the last 14 days) matching keyword 'marketing' - likely needs a website, branding, or marketing help.",2026-08-26
INTERMED MARKETING LTD,17400086,2026-08-14,active,"28, 28 Ripley Road, Hampton, TW12 2JH, United Kingdom",marketing,"Newly incorporated company (within the last 14 days) matching keyword 'marketing' - likely needs a website, branding, or marketing help.",2026-08-26
WEST HAUS MARKETING LIMITED,17408911,2026-08-19,active,"27 St. Cuthberts Street, Bedford, MK40 3JG, United Kingdom",marketing,"Newly incorporated company (within the last 14 days) matching keyword 'marketing' - likely needs a website, branding, or marketing help.",2026-08-26
RADICAL DIGITAL MARKETING LTD,17396994,2026-08-12,active,"1st Floor, Ealing Cross,, 85 Uxbridge Road,, London,, W5 5BW, United Kingdom",marketing,"Newly incorporated company (within the last 14 days) matching keyword 'marketing' - likely needs a website, branding, or marketing help.",2026-08-26
REWARDS AND ACHIEVEMENTS MARKETING. LTD,17402759,2026-08-16,active,"124-128 City Road, London, EC1V 2NX, England",marketing,"Newly incorporated company (within the last 14 days) matching keyword 'marketing' - likely needs a website, branding, or marketing help.",2026-08-26
PRIME DIGITAL MARKETING LTD,17399085,2026-08-13,active,"Priestlands Mapstone Close, Hambrook, Bristol, BS16 1RN, England",marketing,"Newly incorporated company (within the last 14 days) matching keyword 'marketing' - likely needs a website, branding, or marketing help.",2026-08-26
M3 MARKETING HOLDINGS LIMITED,17400473,2026-08-14,active,"Marlow International, Parkway, Marlow, SL7 1YL, England",marketing,"Newly incorporated company (within the last 14 days) matching keyword 'marketing' - likely needs a website, branding, or marketing help.",2026-08-26
NOURD MARKETING LIMITED,17402067,2026-08-14,active,"16 Abbotsford Road, Manchester, M21 0RJ, England",marketing,"Newly incorporated company (within the last 14 days) matching keyword 'marketing' - likely needs a website, branding, or marketing help.",2026-08-26
DAIVORA MARKETING LTD,17405081,2026-08-17,active,"Office 20771 182-184 High Street North, London, East Ham, E6 2JA, United Kingdom",marketing,"Newly incorporated company (within the last 14 days) matching keyword 'marketing' - likely needs a website, branding, or marketing help.",2026-08-26
FITLEANU MARKETING SERVICES LTD,17401294,2026-08-14,active,"Office 1630 85 Dunstall Hill, Wolverhampton, WV60SR, United Kingdom",marketing,"Newly incorporated company (within the last 14 days) matching keyword 'marketing' - likely needs a website, branding, or marketing help.",2026-08-26
GEORGIA MARKETING GROUP LTD,17412549,2026-08-20,active,"19 Summerland Close, Penarth, CF64 2QA, United Kingdom",marketing,"Newly incorporated company (within the last 14 days) matching keyword 'marketing' - likely needs a website, branding, or marketing help.",2026-08-26
SL MARKETING LTD,17413489,2026-08-21,active,"217 Brentwood Road, Essex, RM1 2RL, United Kingdom",marketing,"Newly incorporated company (within the last 14 days) matching keyword 'marketing' - likely needs a website, branding, or marketing help.",2026-08-26
M N M MARKETING LTD,17409846,2026-08-19,active,"152 Hawthorn Road, Ashington, NE63 9BG, United Kingdom",marketing,"Newly incorporated company (within the last 14 days) matching keyword 'marketing' - likely needs a website, branding, or marketing help.",2026-08-26
GOLDEN MARKETING LTD,17412221,2026-08-20,active,"1 North Parade, Manchester, M3 2NH, United Kingdom",marketing,"Newly incorporated company (within the last 14 days) matching keyword 'marketing' - likely needs a website, branding, or marketing help.",2026-08-26
PERIPHERAL MARKETING LTD,17411765,2026-08-20,active,"Cadre Advisory Unit B Off Edge, Station Approach, Penarth, CF64 3EE, Wales",marketing,"Newly incorporated company (within the last 14 days) matching keyword 'marketing' - likely needs a website, branding, or marketing help.",2026-08-26
PROBD & MARKETING LTD,17405132,2026-08-17,active,"12 Westfield Place, Bristol, BS8 4AY, England",marketing,"Newly incorporated company (within the last 14 days) matching keyword 'marketing' - likely needs a website, branding, or marketing help.",2026-08-26
IF MARKETING AGENCY LIMITED,17416022,2026-08-24,active,"The Stables. Delamere House, Great Wymondley, SG4 7ER, United Kingdom",marketing,"Newly incorporated company (within the last 14 days) matching keyword 'marketing' - likely needs a website, branding, or marketing help.",2026-08-26
ALPHA SOFTWARE DEVELOPMENT LIMITED,17403847,2026-08-17,active,"182-184 High Street North, London, E6 2JA, England",software,"Newly incorporated company (within the last 14 days) matching keyword 'software' - likely needs a website, branding, or marketing help.",2026-08-26
HAYMAN SOFTWARE LTD,17403938,2026-08-17,active,"71-75 Shelton Street, Covent Garden, London, WC2H 9JQ, United Kingdom",software,"Newly incorporated company (within the last 14 days) matching keyword 'software' - likely needs a website, branding, or marketing help.",2026-08-26
QURE SOFTWARE LIMITED,17401436,2026-08-14,active,"Tallis House, 2 Tallis Street, London, EC4Y 0AB, United Kingdom",software,"Newly incorporated company (within the last 14 days) matching keyword 'software' - likely needs a website, branding, or marketing help.",2026-08-26
SOUNDCHECK SOFTWARE LTD,17398054,2026-08-13,active,"71-75 Shelton Street, Covent Garden, London, WC2H 9JQ, United Kingdom",software,"Newly incorporated company (within the last 14 days) matching keyword 'software' - likely needs a website, branding, or marketing help.",2026-08-26
UMBRELLA SOFTWARE LTD,17395923,2026-08-12,active,"76b Hill Road, Oakley, Basingstoke, RG23 7JJ, England",software,"Newly incorporated company (within the last 14 days) matching keyword 'software' - likely needs a website, branding, or marketing help.",2026-08-26
SZALLAI SOFTWARE LTD,17398084,2026-08-13,active,"71-75 Shelton Street, Covent Garden, London, WC2H 9JQ, United Kingdom",software,"Newly incorporated company (within the last 14 days) matching keyword 'software' - likely needs a website, branding, or marketing help.",2026-08-26
TRUELINE SOFTWARE LTD,17399321,2026-08-13,active,"Siu Offices, 4-6 Greatorex Street, London, E1 5NF, United Kingdom",software,"Newly incorporated company (within the last 14 days) matching keyword 'software' - likely needs a website, branding, or marketing help.",2026-08-26
RESOURCE READY AI SOFTWARE DEVELOPMENT LIMITED,17400796,2026-08-14,active,"Office 20382 182-184 High Street North, East Ham, London, E6 2JA, United Kingdom",software,"Newly incorporated company (within the last 14 days) matching keyword 'software' - likely needs a website, branding, or marketing help.",2026-08-26
TITANIUM DIGITAL & SOFTWARE HUB LTD,17410981,2026-08-20,active,"Titanium, Whalley Street, Preston, PR5 6GH, United Kingdom",software,"Newly incorporated company (within the last 14 days) matching keyword 'software' - likely needs a website, branding, or marketing help.",2026-08-26
BIELOV SOFTWARE LIMITED,17407224,2026-08-18,active,"71-75 Shelton Street, Covent Garden, London, WC2H 9JQ, United Kingdom",software,"Newly incorporated company (within the last 14 days) matching keyword 'software' - likely needs a website, branding, or marketing help.",2026-08-26
MOCHI SOFTWARE LTD,17410569,2026-08-20,active,"66 Paul Street, London, EC2A 4NA, England",software,"Newly incorporated company (within the last 14 days) matching keyword 'software' - likely needs a website, branding, or marketing help.",2026-08-26
STRATA SOFTWARE LTD,17414348,2026-08-21,active,"21 Blendon Road, Maidstone, ME14 5QA, England",software,"Newly incorporated company (within the last 14 days) matching keyword 'software' - likely needs a website, branding, or marketing help.",2026-08-26
AGENTIC SOFTWARE LTD,17415229,2026-08-23,active,"66 Paul Street, London, England, EC2A 4NA, United Kingdom",software,"Newly incorporated company (within the last 14 days) matching keyword 'software' - likely needs a website, branding, or marketing help.",2026-08-26
YELLS SOFTWARE LTD,17402158,2026-08-15,active,"Apartment 615 Vermont House 8 Dingley Road, London, EC1V 8DN, England",software,"Newly incorporated company (within the last 14 days) matching keyword 'software' - likely needs a website, branding, or marketing help.",2026-08-26
THE SMALL SOFTWARE COMPANY LIMITED,17399949,2026-08-14,active,"5 Richmond Drive, Grantham, NG31 8UD, England",software,"Newly incorporated company (within the last 14 days) matching keyword 'software' - likely needs a website, branding, or marketing help.",2026-08-26
WOLF ROCK SOFTWARE LIMITED,17400757,2026-08-14,active,"3 Blue Anchor, Fraddon, St. Columb, Cornwall, TR9 6LT, United Kingdom",software,"Newly incorporated company (within the last 14 days) matching keyword 'software' - likely needs a website, branding, or marketing help.",2026-08-26
OPCELA SOFTWARE LTD,17403873,2026-08-17,active,"37 Southfield Drive, North Ferriby, HU14 3DU, England",software,"Newly incorporated company (within the last 14 days) matching keyword 'software' - likely needs a website, branding, or marketing help.",2026-08-26
FAST DRAFT SOFTWARE LIMITED,17395331,2026-08-12,active,"17 Redwood Close Holbeach, Spalding, Lincolnshire, PE12 7FL, England",software,"Newly incorporated company (within the last 14 days) matching keyword 'software' - likely needs a website, branding, or marketing help.",2026-08-26
GENISYS SOFTWARE LTD,17402488,2026-08-16,active,"6 Sutton Meadows, Leverington, Wisbech, PE13 5ED, England",software,"Newly incorporated company (within the last 14 days) matching keyword 'software' - likely needs a website, branding, or marketing help.",2026-08-26
C. HIND SOFTWARE LTD,17411905,2026-08-20,active,"71-75 Shelton Street, Covent Garden, London, WC2H 9JQ, United Kingdom",software,"Newly incorporated company (within the last 14 days) matching keyword 'software' - likely needs a website, branding, or marketing help.",2026-08-26
HOWARD GRAHAME SOFTWARE SOLUTIONS LIMITED,17414417,2026-08-21,active,"66 Paul Street, London, EC2A 4NA, England",software,"Newly incorporated company (within the last 14 days) matching keyword 'software' - likely needs a website, branding, or marketing help.",2026-08-26
SEVENGATES SOFTWARE LTD,17415560,2026-08-24,active,"7 Mannville Terrace, Bradford, BD7 1BA, United Kingdom",software,"Newly incorporated company (within the last 14 days) matching keyword 'software' - likely needs a website, branding, or marketing help.",2026-08-26
PARAGON DIGITAL SOFTWARE LTD,17411415,2026-08-20,active,"71-75 Shelton Street, Covent Garden, London, WC2H 9JQ, United Kingdom",software,"Newly incorporated company (within the last 14 days) matching keyword 'software' - likely needs a website, branding, or marketing help.",2026-08-26
IRONBRIDGE SOFTWARE TECHNOLOGIES LTD,17413673,2026-08-21,active,"Initial Business Centre, Wilson Park, Manchester, M40 8WN, United Kingdom",software,"Newly incorporated company (within the last 14 days) matching keyword 'software' - likely needs a website, branding, or marketing help.",2026-08-26
JDS SOFTWARE LP,SL038197,2026-08-18,active,"5 South Charlotte Street, Edinburgh, EH2 4AN, Scotland",software,"Newly incorporated company (within the last 14 days) matching keyword 'software' - likely needs a website, branding, or marketing help.",2026-08-26
RED TAPE SOFTWARE LTD,17401331,2026-08-14,active,"66 Paul Street, London, EC2A 4NA, United Kingdom",software,"Newly incorporated company (within the last 14 days) matching keyword 'software' - likely needs a website, branding, or marketing help.",2026-08-26
SIMPLY SUPER SOFTWARE LTD,17404570,2026-08-17,active,"19 Coxs Close, Nuneaton, CV10 7ET, England",software,"Newly incorporated company (within the last 14 days) matching keyword 'software' - likely needs a website, branding, or marketing help.",2026-08-26
OLIVIUM SOFTWARE LTD,17407137,2026-08-18,active,"71-75 Shelton Street, Covent Garden, London, WC2H 9JQ, United Kingdom",software,"Newly incorporated company (within the last 14 days) matching keyword 'software' - likely needs a website, branding, or marketing help.",2026-08-26
CLUBO SOFTWARE LTD,17401263,2026-08-14,active,"2, Sussex Gate, Sussex Road, Haywards Heath, RH16 4NS, United Kingdom",software,"Newly incorporated company (within the last 14 days) matching keyword 'software' - likely needs a website, branding, or marketing help.",2026-08-26
KOR SOFTWARE SERVICES LTD,17402883,2026-08-17,active,"167-169 Great Portland Street, 5th Floor, London, London, W1W 5PF, England",software,"Newly incorporated company (within the last 14 days) matching keyword 'software' - likely needs a website, branding, or marketing help.",2026-08-26
DPS SOFTWARE SOLUTIONS LIMITED,17395069,2026-08-12,active,"4 King Square, Bridgwater, Somerset, TA6 3YF, England",software,"Newly incorporated company (within the last 14 days) matching keyword 'software' - likely needs a website, branding, or marketing help.",2026-08-26
ZACOTO SOFTWARE SOLUTIONS LIMITED,17406335,2026-08-18,active,"128 City Road, London, EC1V 2NX, United Kingdom",software,"Newly incorporated company (within the last 14 days) matching keyword 'software' - likely needs a website, branding, or marketing help.",2026-08-26
ACJ SOFTWARE LTD,17401013,2026-08-14,active,"79 Coed Camlas, New Inn, Pontypool, NP4 8RP, Wales",software,"Newly incorporated company (within the last 14 days) matching keyword 'software' - likely needs a website, branding, or marketing help.",2026-08-26
FACTORIAL SOFTWARE LIMITED,17404487,2026-08-17,active,"4, 7, William Parry House, Clipper Street, London, E16 2XG, United Kingdom",software,"Newly incorporated company (within the last 14 days) matching keyword 'software' - likely needs a website, branding, or marketing help.",2026-08-26
JC SOFTWARE LTD,17402670,2026-08-16,active,"167-169 Great Portland Street, London, W1W 5PF, England",software,"Newly incorporated company (within the last 14 days) matching keyword 'software' - likely needs a website, branding, or marketing help.",2026-08-26
INTRAVERSE SOFTWARE LTD,17413062,2026-08-21,active,"124 City Road, London, EC1V 2NX, England",software,"Newly incorporated company (within the last 14 days) matching keyword 'software' - likely needs a website, branding, or marketing help.",2026-08-26
SIMPLY TRADE SOFTWARE LTD,17409527,2026-08-19,active,"167-169 Great Portland Street, London, W1W 5PF, England",software,"Newly incorporated company (within the last 14 days) matching keyword 'software' - likely needs a website, branding, or marketing help.",2026-08-26
PST SOFTWARE LTD,17409600,2026-08-19,active,"Suite 11141 5 Brayford Square, London, E1 0SG, United Kingdom",software,"Newly incorporated company (within the last 14 days) matching keyword 'software' - likely needs a website, branding, or marketing help.",2026-08-26
ARCO ARCHERY SOFTWARE LTD,17412282,2026-08-20,active,"82a James Carter Road, Mildenhall, Bury St. Edmunds, IP28 7DE, England",software,"Newly incorporated company (within the last 14 days) matching keyword 'software' - likely needs a website, branding, or marketing help.",2026-08-26
HIT SOFTWARE LIMITED,17395264,2026-08-12,active,"1 Woodside Gardens Cayton Low Road, Eastfield, Scarborough, YO11 3DB, England",software,"Newly incorporated company (within the last 14 days) matching keyword 'software' - likely needs a website, branding, or marketing help.",2026-08-26
SOVEREIGN ARC SOFTWARE LTD,17401334,2026-08-14,active,"8 Griffin Street, Six Bells, Abertillery, NP13 2NE, Wales",software,"Newly incorporated company (within the last 14 days) matching keyword 'software' - likely needs a website, branding, or marketing help.",2026-08-26
GRANT MANAGEMENT SOFTWARE LTD,NI743067,2026-08-18,active,"21 Greenhall Park, Greenhall Park, Coleraine, BT51 3FA, United Kingdom",software,"Newly incorporated company (within the last 14 days) matching keyword 'software' - likely needs a website, branding, or marketing help.",2026-08-26
JASP SOFTWARE GROUP LTD,17407422,2026-08-18,active,"27 Bridge Street, Coventry, CV6 5FU, England",software,"Newly incorporated company (within the last 14 days) matching keyword 'software' - likely needs a website, branding, or marketing help.",2026-08-26
RAISED BY DESIGN LTD,17402515,2026-08-16,active,"71-75 Shelton Street, Covent Garden, London, WC2H 9JQ, United Kingdom",design,"Newly incorporated company (within the last 14 days) matching keyword 'design' - likely needs a website, branding, or marketing help.",2026-08-26
MARCEL OLIVER ART & DESIGN LTD,17402780,2026-08-17,active,"32 Hunter Court Sandy Mead, Epsom, KT19 7NG, United Kingdom",design,"Newly incorporated company (within the last 14 days) matching keyword 'design' - likely needs a website, branding, or marketing help.",2026-08-26
THB DESIGN LTD,17403071,2026-08-17,active,"6-7 Cecil Square, Margate, Kent, CT9 1BD, United Kingdom",design,"Newly incorporated company (within the last 14 days) matching keyword 'design' - likely needs a website, branding, or marketing help.",2026-08-26
INTERIOR DESIGN CLUB LTD,17403932,2026-08-17,active,"3, Harvey Gardens, Addison Road, Guildford, GU13QJ, United Kingdom",design,"Newly incorporated company (within the last 14 days) matching keyword 'design' - likely needs a website, branding, or marketing help.",2026-08-26
RED ELEMENT DESIGN LIMITED,17404004,2026-08-17,active,"7 Grovedale Close, Norwich, NR5 0HT, England",design,"Newly incorporated company (within the last 14 days) matching keyword 'design' - likely needs a website, branding, or marketing help.",2026-08-26
RAW RESIN DESIGN LTD,17404485,2026-08-17,active,"Unit A, Suite 6, Njk House, Haslingden Road, Blackburn, BB1 2EE, United Kingdom",design,"Newly incorporated company (within the last 14 days) matching keyword 'design' - likely needs a website, branding, or marketing help.",2026-08-26
DRIVER X DESIGN LIMITED,17405793,2026-08-18,active,"24 Holt Avenue, Leamington Spa, CV33 9RE, England",design,"Newly incorporated company (within the last 14 days) matching keyword 'design' - likely needs a website, branding, or marketing help.",2026-08-26
MK DESIGN & VALETING LIMITED,17399699,2026-08-13,active,"28 Maltkiln Close, Ollerton, Newark, NG22 9BE, England",design,"Newly incorporated company (within the last 14 days) matching keyword 'design' - likely needs a website, branding, or marketing help.",2026-08-26
HOLBROOKS DESIGN AND DEVELOP LTD,17401950,2026-08-14,active,"92 Pickhurst Rise, West Wickham, BR4 0AN, England",design,"Newly incorporated company (within the last 14 days) matching keyword 'design' - likely needs a website, branding, or marketing help.",2026-08-26
JAY BATES DESIGN LTD,17400506,2026-08-14,active,"128 Ennisdale Drive, Wirral, CH48 9UB, United Kingdom",design,"Newly incorporated company (within the last 14 days) matching keyword 'design' - likely needs a website, branding, or marketing help.",2026-08-26
THE BEDROOM DESIGN COMPANY LIMITED,SC898881,2026-08-12,active,"29 Galbraith Drive, Milngavie, Glasgow, G62 6LZ, Scotland",design,"Newly incorporated company (within the last 14 days) matching keyword 'design' - likely needs a website, branding, or marketing help.",2026-08-26
ROBERT WATSHAM BY DESIGN LTD,17397070,2026-08-12,active,"Flat 11 Cherry Blossom Court Palladian Gardens, Chiswick Gate, London, W4 2DG, United Kingdom",design,"Newly incorporated company (within the last 14 days) matching keyword 'design' - likely needs a website, branding, or marketing help.",2026-08-26
CURIOUS BY DESIGN LTD,17397285,2026-08-12,active,"5 Colwell Road, London, SE22 8QP, United Kingdom",design,"Newly incorporated company (within the last 14 days) matching keyword 'design' - likely needs a website, branding, or marketing help.",2026-08-26
ALAN GREHAN DESIGN LIMITED,17399018,2026-08-13,active,"C/O Aardvark Accounting 1 Cedar Office Park, Cobham Road, Wimborne, BH21 7SB, United Kingdom",design,"Newly incorporated company (within the last 14 days) matching keyword 'design' - likely needs a website, branding, or marketing help.",2026-08-26
PLANO DESIGN LTD,17400278,2026-08-14,active,"113 Romford Road, London, E15 4LY, United Kingdom",design,"Newly incorporated company (within the last 14 days) matching keyword 'design' - likely needs a website, branding, or marketing help.",2026-08-26
EXCELLENT TECH & DESIGN SERVICES LIMITED,17402135,2026-08-15,active,"19 Somervell Road, Harrow, HA2 8TY, England",design,"Newly incorporated company (within the last 14 days) matching keyword 'design' - likely needs a website, branding, or marketing help.",2026-08-26
WALMSLEY DESIGN LTD,17407193,2026-08-18,active,"Mill Hill Lodge, 207 Park Lane Preesall, Poulton-Le-Fylde, Lancashire, FY6 0LT, United Kingdom",design,"Newly incorporated company (within the last 14 days) matching keyword 'design' - likely needs a website, branding, or marketing help.",2026-08-26
ELECTRICAL MANAGEMENT AND DESIGN SERVICES LTD,17408285,2026-08-19,active,"10 South Bank, Glynebwy, NP23 5QU, United Kingdom",design,"Newly incorporated company (within the last 14 days) matching keyword 'design' - likely needs a website, branding, or marketing help.",2026-08-26
BB IC LAYOUT DESIGN LTD,SC899596,2026-08-19,active,"30 Beaton Drive, Winchburgh, Broxburn, EH52 6FS, Scotland",design,"Newly incorporated company (within the last 14 days) matching keyword 'design' - likely needs a website, branding, or marketing help.",2026-08-26
GPA DESIGN LTD,SC899719,2026-08-19,active,"30 Barrie Avenue, Bothwell, Glasgow, G71 8FA, Scotland",design,"Newly incorporated company (within the last 14 days) matching keyword 'design' - likely needs a website, branding, or marketing help.",2026-08-26
OMORO DESIGN LTD,17407855,2026-08-18,active,"107a Ripple Road, Barking, IG11 7NY, England",design,"Newly incorporated company (within the last 14 days) matching keyword 'design' - likely needs a website, branding, or marketing help.",2026-08-26
LANDSCAPE DESIGN PAVING LTD,17413173,2026-08-21,active,"64 Alma Street, Luton, LU1 2PL, England",design,"Newly incorporated company (within the last 14 days) matching keyword 'design' - likely needs a website, branding, or marketing help.",2026-08-26
STYLE & DESIGN ROOFING & BUILDING LTD,17413270,2026-08-21,active,"13 Abraham Road, Minster Lovell, OX29 0AY, England",design,"Newly incorporated company (within the last 14 days) matching keyword 'design' - likely needs a website, branding, or marketing help.",2026-08-26
KUIT DESIGN LTD,17413793,2026-08-21,active,"Unit 11, 39 Gransden Avenue, London, E8 3QA, United Kingdom",design,"Newly incorporated company (within the last 14 days) matching keyword 'design' - likely needs a website, branding, or marketing help.",2026-08-26
GMBK LANDSCAPE DESIGN LTD,17413002,2026-08-21,active,"14 Long Meadows, Rotherham, South Yorkshire, S661UL, England",design,"Newly incorporated company (within the last 14 days) matching keyword 'design' - likely needs a website, branding, or marketing help.",2026-08-26
DILARA SEVIC DESIGN STUDIO LIMITED,17415994,2026-08-24,active,"Flat 3 80 Henfield Road, London, SW19 3HH, England",design,"Newly incorporated company (within the last 14 days) matching keyword 'design' - likely needs a website, branding, or marketing help.",2026-08-26
FENELLA JANE DESIGN LIMITED,17397696,2026-08-13,active,"The Stables, 23b Lenten Street, Alton, Hampshire, GU34 1HG, England",design,"Newly incorporated company (within the last 14 days) matching keyword 'design' - likely needs a website, branding, or marketing help.",2026-08-26
SEHMBI INTERIOR DESIGN LIMITED,17399702,2026-08-13,active,"341 Rayners Lane, Pinner, HA5 5EN, England",design,"Newly incorporated company (within the last 14 days) matching keyword 'design' - likely needs a website, branding, or marketing help.",2026-08-26
HETHEL PRINT AND DESIGN LTD,17404780,2026-08-17,active,"Hethel Engineering Centre Chapman Way, Hethel, Norwich, NR14 8FB, England",design,"Newly incorporated company (within the last 14 days) matching keyword 'design' - likely needs a website, branding, or marketing help.",2026-08-26
CFB DESIGN LIMITED,SC899639,2026-08-19,active,"3 West Coates, Edinburgh, EH12 5JQ, Scotland",design,"Newly incorporated company (within the last 14 days) matching keyword 'design' - likely needs a website, branding, or marketing help.",2026-08-26
MIDLANDS DESIGN AND BUILD LTD,17400344,2026-08-14,active,"7 Victoria Road, Tamworth, B79 7HS, England",design,"Newly incorporated company (within the last 14 days) matching keyword 'design' - likely needs a website, branding, or marketing help.",2026-08-26
DARBY SURVEY & DESIGN LTD,17399043,2026-08-13,active,"79 Whittern Way, Hereford, HR1 1PF, United Kingdom",design,"Newly incorporated company (within the last 14 days) matching keyword 'design' - likely needs a website, branding, or marketing help.",2026-08-26
BRUMSTONE DESIGN & BUILD LTD,17398645,2026-08-13,active,"78 Hill Street, Birmingham, West Midlands, B5 4AH, United Kingdom",design,"Newly incorporated company (within the last 14 days) matching keyword 'design' - likely needs a website, branding, or marketing help.",2026-08-26
PERSONAL LIFESPACE DESIGN 2026 LTD,17402941,2026-08-17,active,"3 Market Street, High Peak, SK23 7AA, England",design,"Newly incorporated company (within the last 14 days) matching keyword 'design' - likely needs a website, branding, or marketing help.",2026-08-26
LUX DESIGN CONSULTANTS LTD,SC899543,2026-08-18,active,"7 Urquhart Court, 105 Urquhart Road, Aberdeen, AB24 5JP, Scotland",design,"Newly incorporated company (within the last 14 days) matching keyword 'design' - likely needs a website, branding, or marketing help.",2026-08-26
SET DESIGN SYSTEM LTD,17398037,2026-08-13,active,"71-75 Shelton Street, Covent Garden, London, WC2H 9JQ, United Kingdom",design,"Newly incorporated company (within the last 14 days) matching keyword 'design' - likely needs a website, branding, or marketing help.",2026-08-26
WAINWRIGHT ARCHITECTURAL DESIGN LTD,17399577,2026-08-13,active,"4 Imperial Sqaure, Cheltenham, Gloucestershire, GL50 1QB, United Kingdom",design,"Newly incorporated company (within the last 14 days) matching keyword 'design' - likely needs a website, branding, or marketing help.",2026-08-26
TIM HARVEY DESIGN LTD,17401611,2026-08-14,active,"16 Gauvain Close, Alton, Hampshire, GU34 2SB, United Kingdom",design,"Newly incorporated company (within the last 14 days) matching keyword 'design' - likely needs a website, branding, or marketing help.",2026-08-26
TEMPIETTO DESIGN LIMITED,17410400,2026-08-20,active,"9 London Road, Aylesbury, HP22 5HG, United Kingdom",design,"Newly incorporated company (within the last 14 days) matching keyword 'design' - likely needs a website, branding, or marketing help.",2026-08-26
GL DESIGN UK LIMITED,17415584,2026-08-24,active,"30 Curo Park, Frogmore, St. Albans, AL2 2FH, England",design,"Newly incorporated company (within the last 14 days) matching keyword 'design' - likely needs a website, branding, or marketing help.",2026-08-26
METRIX DESIGN LTD,17410081,2026-08-19,active,"63 Cannon Hill Road, Coventry, CV4 7BT, United Kingdom",design,"Newly incorporated company (within the last 14 days) matching keyword 'design' - likely needs a website, branding, or marketing help.",2026-08-26
HEC DESIGN & CONSULTANCY LTD,17414234,2026-08-21,active,"1b Manor Street, Caerdydd, CF14 3PU, United Kingdom",design,"Newly incorporated company (within the last 14 days) matching keyword 'design' - likely needs a website, branding, or marketing help.",2026-08-26
KBS DESIGN SOLUTIONS LTD,17409369,2026-08-19,active,"8 Shepley Croft, Sheffield, S35 3PD, United Kingdom",design,"Newly incorporated company (within the last 14 days) matching keyword 'design' - likely needs a website, branding, or marketing help.",2026-08-26
ALB DESIGN LTD,17396286,2026-08-12,active,"Low Brookside, Saves Lane, Askam-In-Furness, Cumbria, LA16 7EH, United Kingdom",design,"Newly incorporated company (within the last 14 days) matching keyword 'design' - likely needs a website, branding, or marketing help.",2026-08-26
DESIGN BY HIGHSTREET MEDIA LIMITED,17412220,2026-08-20,active,"74 Bute Street, Treorchy, CF42 6AH, Wales",design,"Newly incorporated company (within the last 14 days) matching keyword 'design' - likely needs a website, branding, or marketing help.",2026-08-26
AXIS NORTH DESIGN SERVICES LTD,17413126,2026-08-21,active,"15 William Forster Close, Washington, NE38 8BT, United Kingdom",design,"Newly incorporated company (within the last 14 days) matching keyword 'design' - likely needs a website, branding, or marketing help.",2026-08-26
WL DESIGN AND CREATIVE LIMITED,17395427,2026-08-12,active,"Druslyn House, De La Beche Street, Swansea, SA1 3HJ, United Kingdom",design,"Newly incorporated company (within the last 14 days) matching keyword 'design' - likely needs a website, branding, or marketing help.",2026-08-26
BALANCE DESIGN HOLDINGS LIMITED,17404018,2026-08-17,active,"167-169 Great Portland Street, 5th Floor, London, W1W 5PF, England",design,"Newly incorporated company (within the last 14 days) matching keyword 'design' - likely needs a website, branding, or marketing help.",2026-08-26
SMCC DESIGN LTD,SC899502,2026-08-18,active,"10 Middlerigg Road, Cumbernauld, Glasgow, G68 9DP, Scotland",design,"Newly incorporated company (within the last 14 days) matching keyword 'design' - likely needs a website, branding, or marketing help.",2026-08-26
XDC DESIGN LTD,17403498,2026-08-17,active,"The Old Bakery, 90 Camden Road, Tunbridge Wells, TN1 2QP, England",design,"Newly incorporated company (within the last 14 days) matching keyword 'design' - likely needs a website, branding, or marketing help.",2026-08-26
EAST LONDON TECH AND DESIGN LIMITED,17394958,2026-08-12,active,"366 Wanstead Park Road, Ilford, IG1 3TZ, England",design,"Newly incorporated company (within the last 14 days) matching keyword 'design' - likely needs a website, branding, or marketing help.",2026-08-26
AM TECHNICAL DESIGN STUDIO LTD,17398289,2026-08-13,active,"70 Oakfield Avenue, Birstall, Leicester, LE4 3DR, England",design,"Newly incorporated company (within the last 14 days) matching keyword 'design' - likely needs a website, branding, or marketing help.",2026-08-26
MEPH DESIGN SERVICES LIMITED,17399012,2026-08-13,active,"S202 Weston House The Maltings, Station Road, Sawbridgeworth, Herts, CM21 9FP, United Kingdom",design,"Newly incorporated company (within the last 14 days) matching keyword 'design' - likely needs a website, branding, or marketing help.",2026-08-26
AKD DESIGN LIMITED,17400079,2026-08-14,active,"Unit 8-9 Welbury Way, Newton Aycliffe, Durham, DL56ZE, England",design,"Newly incorporated company (within the last 14 days) matching keyword 'design' - likely needs a website, branding, or marketing help.",2026-08-26
KP DESIGN & BUILD LTD,17395552,2026-08-12,active,"18 Manor Courtyard, First Floor, Hughenden Avenue, High Wycombe, Buckinghamshire, HP13 5RE, England",design,"Newly incorporated company (within the last 14 days) matching keyword 'design' - likely needs a website, branding, or marketing help.",2026-08-26
PUBLIC DESIGN UNIT LIMITED,17401761,2026-08-14,active,"124 City Road, London, EC1V 2NX, United Kingdom",design,"Newly incorporated company (within the last 14 days) matching keyword 'design' - likely needs a website, branding, or marketing help.",2026-08-26
SUPREME TECH & DESIGN SERVICES LIMITED,17402044,2026-08-14,active,"70 Churston Avenue, London, E13 0RH, England",design,"Newly incorporated company (within the last 14 days) matching keyword 'design' - likely needs a website, branding, or marketing help.",2026-08-26
DAY CONSTRUCTION DESIGN LIMITED,17402046,2026-08-14,active,"6 Brittain Road, Dagenham, RM8 3DB, England",design,"Newly incorporated company (within the last 14 days) matching keyword 'design' - likely needs a website, branding, or marketing help.",2026-08-26
RALSTON DESIGN LTD,17402595,2026-08-16,active,"Unit 21 Hinckley Business Park, Dodwells Bridge Industrial Estate, Hinckley, LE10 3BY, England",design,"Newly incorporated company (within the last 14 days) matching keyword 'design' - likely needs a website, branding, or marketing help.",2026-08-26
UNICORN SIGN AND DESIGN LTD,17409582,2026-08-19,active,"71 Longthornton Road, London, SW16 5QE, England",design,"Newly incorporated company (within the last 14 days) matching keyword 'design' - likely needs a website, branding, or marketing help.",2026-08-26
PARAGON DESIGN & BUILD LTD,SC899803,2026-08-20,active,"4 Valentine Court, Dunsinane Industrial Estate, Dundee, DD2 3QB, Scotland",design,"Newly incorporated company (within the last 14 days) matching keyword 'design' - likely needs a website, branding, or marketing help.",2026-08-26
PYRE DESIGN COMPANY LTD,NI743186,2026-08-23,active,"31a Ravenhill Park, Belfast, BT6 0DG, Northern Ireland",design,"Newly incorporated company (within the last 14 days) matching keyword 'design' - likely needs a website, branding, or marketing help.",2026-08-26
FOX VISION DESIGN LTD,17399260,2026-08-13,active,"11 Beech Avenue, Newark, NG24 4DY, England",design,"Newly incorporated company (within the last 14 days) matching keyword 'design' - likely needs a website, branding, or marketing help.",2026-08-26
VORA DESIGN LTD,17396359,2026-08-12,active,"61 Pettits Lane, Romford, London, RM1 4HA, England",design,"Newly incorporated company (within the last 14 days) matching keyword 'design' - likely needs a website, branding, or marketing help.",2026-08-26
SHADO DESIGN LTD,17406570,2026-08-18,active,"177 Roselands Drive, Paignton, TQ4 7RN, England",design,"Newly incorporated company (within the last 14 days) matching keyword 'design' - likely needs a website, branding, or marketing help.",2026-08-26
UNDERPIN DESIGN LIMITED,17407412,2026-08-18,active,"C/O Sg Accounting 1 Cedar Office Park, Cobham Road, Wimborne, BH21 7SB, United Kingdom",design,"Newly incorporated company (within the last 14 days) matching keyword 'design' - likely needs a website, branding, or marketing help.",2026-08-26
